{"interestingcomments": [{"autor": "rtbot2", "date": "2021-02-11 08:00:12", "content": "Clearview -----> AI !!! 's -----> photo !!!  database declared illegal in the EU and Canada. Yet, the real scandal about Clearview still stands: Individuals must opt out of data abuse - even though they never gave consent.", "link": "https://www.reddit.com/r/realtech/comments/lhfyhq/clearview_ais_photo_database_declared_illegal_in/"}, {"autor": "rtbot2", "date": "2021-10-19 19:00:04", "content": "Google's Pixel 6 processor brings -----> AI !!!  -----> photo !!!  features", "link": "https://www.reddit.com/r/realtech/comments/qbia9f/googles_pixel_6_processor_brings_ai_photo_features/"}], "name": "Subreddit_realtech_01_01_2021-01_11_2021"}