{"interestingcomments": [{"autor": "hnikret", "date": "2020-11-01 14:42:32", "content": "Soccer match ruined when -----> AI !!! -controlled -----> camera !!!  mistakes ref\u2019s bald head for ball", "link": "https://www.reddit.com/r/programming/comments/jm3by5/soccer_match_ruined_when_aicontrolled_camera/"}, {"autor": "RobertVandenberg", "date": "2020-11-01 10:40:59", "content": "Soccer match ruined when -----> AI !!! -controlled -----> camera !!!  mistakes ref\u2019s bald head for ball", "link": "https://www.reddit.com/r/programming/comments/jm0a2h/soccer_match_ruined_when_aicontrolled_camera/"}, {"autor": "JEUNGHWAN", "date": "2020-03-27 13:08:15", "content": "I made -----> AI !!!  for changing -----> photo !!!  to anime filter by machine learning", "link": "https://www.reddit.com/r/programming/comments/fpwmux/i_made_ai_for_changing_photo_to_anime_filter_by/"}, {"autor": "Ghost-Hunter4", "date": "2020-11-30 00:06:41", "content": "Only 2 days and 19 hours left for the HUMBLE SOFTWARE BUNDLE: -----> AI !!! -POWERED -----> PHOTO !!!  EDITOR WITH LUMINAR 4 Get Luminar 4, Aurora HDR, Photolemur 3, Skies: Power of Nature and more! You can get Photolemur 3 for 1$", "link": "https://www.reddit.com/r/programming/comments/k3kkhk/only_2_days_and_19_hours_left_for_the_humble/"}, {"autor": "flingflang1", "date": "2020-03-23 05:56:29", "content": "I made a site that uses -----> AI !!!  to allow parents working from home to monitor their kids. You receive an alert if the child (or anyone) is not visible to any -----> camera !!! . Do as you wish with the code.", "link": "https://www.reddit.com/r/programming/comments/fney2p/i_made_a_site_that_uses_ai_to_allow_parents/"}, {"autor": "Vancete", "date": "2020-07-14 07:52:43", "content": "Suppra -----> AI !!!  Suite 2020 (-----> Photography !!! )", "link": "https://www.reddit.com/r/programming/comments/hqxd7c/suppra_ai_suite_2020_photography/"}], "name": "Subreddit_programming_01_01_2020-30_12_2020"}