{"interestingcomments": [{"autor": "rtbot2", "date": "2018-04-06 19:40:17", "content": "\"Do You Trust This Computer\" is the most important -----> film !!!  of 2018, exploring the current state and future of -----> AI !!!  on earth, and is free for the next 36 hours. Directed by Chris Paine (director of Who Killed The Electric Car)", "link": "https://www.reddit.com/r/realtech/comments/8acfxw/do_you_trust_this_computer_is_the_most_important/"}], "name": "Subreddit_realtech_01_01_2018-30_12_2018"}