{"interestingcomments": [{"autor": "Accomplished-Tap3353", "date": "2021-08-01 12:05:32", "content": "Smart-home device maker Wyze raises $110M as it plans to inject -----> AI !!!  heavily into -----> camera !!!  products", "link": "https://www.reddit.com/r/technology/comments/ovqxwc/smarthome_device_maker_wyze_raises_110m_as_it/"}, {"autor": "eyecloudai", "date": "2021-10-16 03:08:11", "content": "2 classic -----> AI !!!  on edge IOT -----> camera !!!  connectivity solutions deployed on raspberry pi and intel VPU", "link": "https://www.reddit.com/r/technology/comments/q93nkv/2_classic_ai_on_edge_iot_camera_connectivity/"}, {"autor": "HeyThatsStef", "date": "2021-10-20 23:42:04", "content": "A tease trailer for my friend's short -----> film !!!  (where I kind of star in) which is, allegedly, the first ever Italian short -----> film !!!  entirely written by an -----> AI !!! ", "link": "https://www.reddit.com/r/technology/comments/qce7yi/a_tease_trailer_for_my_friends_short_film_where_i/"}, {"autor": "AIforimaging", "date": "2021-07-02 17:13:08", "content": "Endpoint -----> AI !!!  powers computer vision in smart -----> camera !!!  devices", "link": "https://www.reddit.com/r/technology/comments/ocelcy/endpoint_ai_powers_computer_vision_in_smart/"}, {"autor": "[deleted]", "date": "2021-02-27 07:50:37", "content": "MyHeritage Deep Nostalgia\u2122, deep learning technology to animate the faces in still family -----> photo !!! s. Automatic -----> AI !!! -powered -----> photo !!!  enhancements that can animate people in old -----> photo !!! s creating a short video. /!/ [deleted]", "link": "https://www.reddit.com/r/technology/comments/ltj8s1/myheritage_deep_nostalgia_deep_learning/"}, {"autor": "privant", "date": "2021-02-11 07:54:41", "content": "Clearview -----> AI !!! 's -----> photo !!!  database declared illegal in the EU and Canada. Yet, the real scandal about Clearview still stands: Individuals must opt out of data abuse - even though they never gave consent.", "link": "https://www.reddit.com/r/technology/comments/lhfvxr/clearview_ais_photo_database_declared_illegal_in/"}, {"autor": "faded_aura", "date": "2021-06-14 17:19:00", "content": "Facebook -----> AI !!!  can mimic text styles with a -----> photo !!!  of a single word | Engadget", "link": "https://www.reddit.com/r/technology/comments/nzrv3c/facebook_ai_can_mimic_text_styles_with_a_photo_of/"}, {"autor": "onwardsecurity", "date": "2021-04-29 06:02:42", "content": "Cubo -----> Ai !!!  Baby -----> Camera !!!  Received the US CTIA Certification to Make Parents Feel More at Ease /!/ [removed]", "link": "https://www.reddit.com/r/technology/comments/n0y2o4/cubo_ai_baby_camera_received_the_us_ctia/"}, {"autor": "onwardsecurity", "date": "2021-04-29 06:01:34", "content": "Cubo -----> Ai !!!  Baby -----> Camera !!!  Received the US CTIA Certification to Make Parents Feel More at Ease /!/ [removed]", "link": "https://www.reddit.com/r/technology/comments/n0y255/cubo_ai_baby_camera_received_the_us_ctia/"}, {"autor": "muthuannamalai12", "date": "2021-10-19 18:38:22", "content": "Google's Pixel 6 processor brings -----> AI !!!  -----> photo !!!  features", "link": "https://www.reddit.com/r/technology/comments/qbhuha/googles_pixel_6_processor_brings_ai_photo_features/"}, {"autor": "Electronic-Rice-9871", "date": "2021-08-06 11:29:17", "content": "Luminar -----> AI !!!  - -----> AI !!!  -----> photo !!!  editing for Mac &amp; PC /!/ [removed]", "link": "https://www.reddit.com/r/technology/comments/oz4r6x/luminar_ai_ai_photo_editing_for_mac_pc/"}, {"autor": "solankimeera71", "date": "2021-01-21 08:30:45", "content": "Vivo Y31 with 48MP -----> AI !!!  triple -----> camera !!! , 5,000mAh battery launched at Rs 16,490", "link": "https://www.reddit.com/r/technology/comments/l1ueqr/vivo_y31_with_48mp_ai_triple_camera_5000mah/"}, {"autor": "chrisdh79", "date": "2021-10-26 16:23:53", "content": "Photoshop\u2019s -----> AI !!!  Is Now So Fast That Hovering Over Objects Instantly Creates Perfect Masks | Masking was once a painstaking -----> photo !!! -editing process. Now it's instantaneous.", "link": "https://www.reddit.com/r/technology/comments/qga3rb/photoshops_ai_is_now_so_fast_that_hovering_over/"}, {"autor": "CommunitySafetyWatch", "date": "2021-01-04 14:12:11", "content": "Technology to automated traffic violation capture and penalties!!! This -----> AI !!!  -----> camera !!!  is going to cost drivers a fortune!", "link": "https://www.reddit.com/r/technology/comments/kq9h7s/technology_to_automated_traffic_violation_capture/"}], "name": "Subreddit_technology_01_01_2021-01_11_2021"}