{"interestingcomments": [{"autor": "bngbngbng", "date": "2021-09-09 15:46:50", "content": "Adapting 16mm Nikon fisheye to M10 /!/ I recently picked up a Nikon 16mm 3.5 -----> AI !!!  fisheye lens and have been enjoying the extreme perspective. I was thinking about picking up a F to M adapter to try the lens on digital. I imagine the performance won't be great - weird color shifts etc. - but is there anything else I should be concerned about when adapting this lens to an M10?", "link": "https://www.reddit.com/r/Leica/comments/pl0dwh/adapting_16mm_nikon_fisheye_to_m10/"}, {"autor": "Graindelicious", "date": "2021-10-07 08:04:42", "content": "Question about the adapter Novoflex LEM/NIK NT /!/ Does anyone know if the Rangefinder coupling works with the Novoflex adapter. I have an Nikon -----> ai !!! -s lens which I want to adapt to the Leica M6. \n\nThanks guys.", "link": "https://www.reddit.com/r/Leica/comments/q34aos/question_about_the_adapter_novoflex_lemnik_nt/"}], "name": "Subreddit_leica_01_01_2021-01_11_2021"}