{"interestingcomments": [{"autor": "aegontheyeeter", "date": "2019-11-26 07:52:43", "content": "Recommendation for a good budget flash for beginner photographer. /!/ Hi, I have a 90D and I am searching for a good Budget flash for my 90D, I've looked at options like the yongnuo 600EX RT II, and Canon 470Ex------> AI !!!  , are there any better flashes that won't cost me my kidneys but also last long.", "link": "https://www.reddit.com/r/Photography_Gear/comments/e1uspp/recommendation_for_a_good_budget_flash_for/"}], "name": "Subreddit_Photography_Gear_01_01_2019-30_12_2019"}