{"interestingcomments": [{"autor": "photoexperts", "date": "2020-02-22 01:57:10", "content": "blurams 1080p Dome Security Camera | PTZ Surveillance System with Motion/Sound Detection, Smart -----> AI !!!  Alerts, Privacy Mode, Night Vision, Two-Way Audio | Cloud/Local Storage Available | Works with Alexa", "link": "https://www.reddit.com/r/Photography_Gear/comments/f7lqc2/blurams_1080p_dome_security_camera_ptz/"}, {"autor": "NicoleGirl11", "date": "2020-06-27 17:40:39", "content": "Next Gen Camera Gear. This device uses -----> AI !!!  to help take the best photo possible. I can\u2019t wait to see what images I can take!", "link": "https://www.reddit.com/r/Photography_Gear/comments/hgxu0n/next_gen_camera_gear_this_device_uses_ai_to_help/"}], "name": "Subreddit_Photography_Gear_01_01_2020-30_12_2020"}