{"interestingcomments": [{"autor": "novagalactic", "date": "2018-10-14 08:39:01", "content": "When taking portraits, how do I make sure the subjects eyes are always in focus? [a7rii] /!/ I look at my friends taking portraits with their canon and the model is flipping her hair, she\u2019s striking a posing every shot, etc.  \n\nWhen I take portraits with my a7rii, if the model so much as even breathes, the eyes are blurry. \n\nAnd we are all using 50mm 1.4 lenses and not doing anything any differently.  \n\nThe only thing my friends told me is \u201cdoes your camera have -----> AI !!!  Servo mode?\u201d \n\nI have no idea what this means, but certainly there\u2019s a real solution instead of \u201cyou shoulda got a canon like we told you\u201d. I spent so much freaking money on this thing!", "link": "https://www.reddit.com/r/SonyAlpha/comments/9o1b92/when_taking_portraits_how_do_i_make_sure_the/"}, {"autor": "whoswho7", "date": "2018-02-28 15:35:50", "content": "Alberta 2017. Sony a7ii, Nikkor non------> ai !!!  105mm f2.5", "link": "https://www.reddit.com/r/SonyAlpha/comments/80wwlp/alberta_2017_sony_a7ii_nikkor_nonai_105mm_f25/"}, {"autor": "24framespersec", "date": "2018-01-06 21:09:12", "content": "A7RIII w/ 35 yr old Nikon 50mm f/1.8 -----> AI !!!  lens", "link": "https://www.reddit.com/r/SonyAlpha/comments/7olyw7/a7riii_w_35_yr_old_nikon_50mm_f18_ai_lens/"}, {"autor": "Uebelkraehe", "date": "2018-12-27 15:54:16", "content": "Munich Winter Sun / A7R II + Nikkor 85 1.4 -----> Ai !!! -S", "link": "https://www.reddit.com/r/SonyAlpha/comments/aa0bd7/munich_winter_sun_a7r_ii_nikkor_85_14_ais/"}, {"autor": "lunarprospect", "date": "2018-07-24 00:39:08", "content": "Is there an -----> AI !!!  Servo Focus mode for Sony cameras? /!/ The canon 5d\u2019s have a focus mode called AI Servo which no matter how crazy fast the subject is moving at any f stop, the focus is razor sharp.  \n\nWith my a7rii, I have to be frozen still and hold my breath just to hope I nailed the focus. That goes for the model too (portraits).  \n\nMeanwhile I see canon users popping off shots on Instagram while the models change poses quickly and every shot is razor sharp (I follow some who do live editing showing their shots).  \n\nI was primarily a nature photographer heavily invested in Sony with lenses so I don\u2019t want to go to Canon. The shots I manage to get in focus are SO GOOD. But they are few and far between.  \n\nAny suggestions?! Thank you Reddit!", "link": "https://www.reddit.com/r/SonyAlpha/comments/91co3p/is_there_an_ai_servo_focus_mode_for_sony_cameras/"}, {"autor": "bpenfieldj", "date": "2018-07-06 17:25:08", "content": "Drinking Problem | a7 III / Nikon -----> Ai !!! -S 50mm / f1.4 / iso 200", "link": "https://www.reddit.com/r/SonyAlpha/comments/8wlxrk/drinking_problem_a7_iii_nikon_ais_50mm_f14_iso_200/"}, {"autor": "BlockedPitotTube", "date": "2018-12-25 17:19:22", "content": "Sony A6000 with a E to EF speed booster, EF to F adapter, and a Nikon -----> AI !!! -S 50mm F1.4", "link": "https://www.reddit.com/r/SonyAlpha/comments/a9ghp4/sony_a6000_with_a_e_to_ef_speed_booster_ef_to_f/"}, {"autor": "_NEW_HORIZONS_", "date": "2018-07-19 19:37:52", "content": "Waterfall at Dallas Arboretum /!/ [Taken with Nikon 50mm\\/1.8 -----> AI !!! -S@f\\/22, ISO 100, 1\\/4 s. Braced against bridge railing.](https://i.redd.it/ake0j2ucjya11.jpg)", "link": "https://www.reddit.com/r/SonyAlpha/comments/90917o/waterfall_at_dallas_arboretum/"}, {"autor": "apacbusinessheadline", "date": "2018-10-01 07:59:59", "content": "Sony\u2019s Initiatives in -----> AI !!!  and Robotics", "link": "https://www.reddit.com/r/SonyAlpha/comments/9keez4/sonys_initiatives_in_ai_and_robotics/"}, {"autor": "bstoynov", "date": "2018-06-05 18:26:09", "content": "Edificio Metr\u00f3polis, Madrid | Sony A6000, Yashica -----> ML !!!  50mm", "link": "https://www.reddit.com/r/SonyAlpha/comments/8ot7vw/edificio_metr\u00f3polis_madrid_sony_a6000_yashica_ml/"}, {"autor": "novagalactic", "date": "2018-12-23 15:53:06", "content": "Eye autofocus is trash. It only works if you\u2019re in a well lit studio 1 ft away from the model\u2019s face. Is there a way to nail eye focus nearly every time? /!/ All my friends with canon\u2019s have a mode called -----> AI !!!  Servo.   \n\nThe model is twirling around. Flipping her hair. Striking a pose between every click of the shutter.  \n\nEVERY. SINGLE. SHOT. the eye is RAZOR sharp.  \n\nWith my a7rii, if the model so much as breathes, the eye is out of focus. I either have to manually move the tiny focal point over her eye every time (impossible) or rely on eye AF and watch it try to focus on her nose.  \n\nSeriously what gives. Is Sony not good for portraits of moving subjects?", "link": "https://www.reddit.com/r/SonyAlpha/comments/a8vnuh/eye_autofocus_is_trash_it_only_works_if_youre_in/"}], "name": "Subreddit_SonyAlpha_01_01_2018-30_12_2018"}